{
  "manifest_version": 2,
  "name": "Instagram Downloader",
  "description": "Open Source und privacy conscious Instagram Downloader, which downloads images, videos, Instagram stories and IGTV.",
  "version": "4.1.1",
  "icons": {
    "512": "icons/instagram.png"
  },
  "web_accessible_resources": [
    "icons/download_black.png",
    "icons/download_white.png",
    "icons/instagram.png"
  ],
  "options_ui": {
    "page": "options.html"
  },
  "permissions": [
    "downloads",
    "tabs"
  ],
  "background": {
    "scripts": [
      "js/background.js"
    ]
  },
  "content_scripts": [
    {
      "matches": [
        "*://*.instagram.com/*"
      ],
      "js": [
        "js/extension.js"
      ],
      "css": [
        "css/extension.css"
      ]
    }
  ]
}
