{
  "extends": "ts-config",
  "rules": {
    "ordered-imports": true,
    "no-non-null-assertion": false,
    "no-inferrable-types": false,
    "file-name-casing": [
      false,
      "kebab-case"
    ],
    "curly": {
      "options": "ignore-same-line"
    },
    "member-ordering": {
      "options": {
        "order": [
          "static-field",
          "public-instance-field",
          "protected-instance-field",
          "private-instance-field",
          "constructor",
          "static-method",
          "instance-method",
          "protected-instance-method",
          "private-instance-method"
        ]
      }
    }
  },
  "linterOptions": {
    "exclude": [
      "**/lib/**",
      "**/node_modules/**"
    ]
  }
}
